2025-07-27 14:54:56 | 001032231132342 | rejected
2025-07-27 14:57:34 | 001032231132342 | created
2025-07-27 14:57:45 | 001032231132342 | created
2025-07-27 14:58:43 | 000101000006051 | created
2025-07-27 14:58:52 | 000101214365879 | created
2025-07-27 15:14:13 | 000101707968051 | created
2025-07-27 15:14:19 | 000101707968051 | created
2025-07-27 15:14:20 | 000101707968051 | created
2025-07-27 15:14:20 | 000101707968051 | created
2025-07-27 15:21:07 | 000101005026041 | created
2025-07-27 15:21:47 | 000101005026041 | created
2025-07-27 15:26:42 | 000101005026041 | created
2025-07-27 15:33:29 | 001010000562401 | rejected_blacklist
2025-07-27 15:33:32 | 001010000562404 | created
2025-07-27 15:39:17 | 001010000562404 | created
2025-07-27 15:39:32 | 001010000562404 | created
2025-07-27 15:44:17 | 001010000562404 | created
2025-07-27 15:44:37 | 001010000562404 | created
2025-07-27 15:50:03 | 001010000562404 | created
2025-07-27 15:50:08 | 001010000562404 | created
2025-07-27 15:54:31 | 001010000562404 | created
2025-07-27 15:54:44 | 001010000562404 | created
2025-07-27 15:56:23 | 001010000562404 | created
2025-07-27 15:56:39 | 001010000562404 | created
2025-07-27 16:08:18 | 001010000562404 | created
2025-07-27 16:08:22 | 001010000562404 | created
2025-07-27 16:08:39 | 001010000562401 | rejected_blacklist
2025-07-27 16:08:54 | 001010000562401 | rejected_blacklist
2025-07-27 19:01:05 | 001010079786501 | rejected_blacklist
2025-07-27 19:01:14 | 001010079786500 | created
2025-07-27 19:01:35 | 001010079786500 | created
2025-07-27 19:01:53 | 001010079786500 | created
2025-07-27 19:05:21 | 001010079786500 | created
2025-07-27 19:17:23 | 001010079786500 | created
2025-07-27 19:17:47 | 001010079786501 | rejected_blacklist
2025-07-27 19:17:48 | 001010079786502 | created
2025-07-27 19:17:50 | 001010079786503 | created
2025-07-27 19:17:51 | 001010079786504 | created
2025-07-27 19:17:53 | 001010079786505 | created
2025-07-27 19:17:54 | 001010079786506 | created
2025-07-27 19:17:56 | 001010079786507 | created
2025-07-27 19:17:58 | 001010079786507 | created
2025-07-27 19:18:00 | 001010079786508 | created
2025-07-27 19:18:02 | 001010079786509 | created
2025-07-27 19:18:57 | 001010079786500 | graceful_shutdown
2025-07-27 19:18:57 | 001010079786502 | graceful_shutdown
2025-07-27 19:18:57 | 001010079786503 | graceful_shutdown
2025-07-27 19:18:57 | 001010079786504 | graceful_shutdown
2025-07-27 19:18:57 | 001010079786505 | graceful_shutdown
2025-07-27 19:18:57 | 001010079786506 | graceful_shutdown
2025-07-27 19:18:57 | 001010079786507 | graceful_shutdown
2025-07-27 19:18:57 | 001010079786507 | graceful_shutdown
2025-07-27 19:18:57 | 001010079786508 | graceful_shutdown
2025-07-27 19:18:57 | 001010079786509 | graceful_shutdown
2025-07-27 19:26:19 | 001010079786509 | created
2025-07-27 19:26:50 | 001010079786509 | timeout_expired
2025-07-27 19:27:32 | 001010079786509 | created
2025-07-27 19:27:36 | 001010079786510 | created
2025-07-27 19:27:37 | 001010079786510 | created
2025-07-27 19:27:39 | 001010079786519 | created
2025-07-27 19:27:41 | 001010079786518 | created
2025-07-27 19:27:42 | 001010079786517 | created
2025-07-27 19:27:43 | 001010079786516 | created
2025-07-27 19:27:45 | 001010079786514 | created
2025-07-27 19:27:46 | 001010079786514 | created
2025-07-27 19:27:49 | 001010079786517 | created
2025-07-27 19:27:52 | 001010079786517 | created
2025-07-27 19:28:02 | 001010079786509 | timeout_expired
2025-07-27 19:28:07 | 001010079786510 | timeout_expired
2025-07-27 19:28:08 | 001010079786510 | timeout_expired
2025-07-27 19:28:10 | 001010079786519 | timeout_expired
2025-07-27 19:28:11 | 001010079786518 | timeout_expired
2025-07-27 19:28:13 | 001010079786517 | timeout_expired
2025-07-27 19:28:14 | 001010079786516 | timeout_expired
2025-07-27 19:28:16 | 001010079786514 | timeout_expired
2025-07-27 19:28:17 | 001010079786514 | timeout_expired
2025-07-27 19:28:19 | 001010079786517 | timeout_expired
2025-07-27 19:28:23 | 001010079786517 | timeout_expired
2025-07-27 19:28:25 | 001010079786517 | created
2025-07-27 19:29:00 | 001010079786517 | created
2025-07-27 19:29:31 | 001010079786517 | timeout_expired
2025-07-27 19:41:11 | 001010079786517 | created
2025-07-27 19:41:16 | 001010079786518 | created
2025-07-27 19:41:18 | 001010079786519 | created
2025-07-27 19:41:42 | 001010079786517 | timeout_expired
2025-07-27 19:41:47 | 001010079786518 | timeout_expired
2025-07-27 19:41:49 | 001010079786519 | timeout_expired
2025-07-27 19:42:49 | 001010079786519 | created
2025-07-27 19:42:51 | 001010079786517 | created
2025-07-27 19:42:52 | 001010079786516 | created
2025-07-27 19:43:19 | 001010079786519 | timeout_expired
2025-07-27 19:43:21 | 001010079786517 | timeout_expired
2025-07-27 19:43:23 | 001010079786516 | timeout_expired
2025-07-27 20:12:10 | 001010079786516 | created
2025-07-27 20:12:40 | 001010079786516 | timeout_expired
2025-07-27 20:26:53 | 001010079786516 | created
2025-07-27 20:27:24 | 001010079786516 | timeout_expired
2025-07-27 20:27:53 | 001010079786516 | created
2025-07-27 20:27:59 | 001010079786516 | created
2025-07-27 20:37:24 | 001010079786516 | created
2025-07-27 20:37:26 | 001010079786516 | created
2025-07-27 20:37:27 | 001010079786516 | created
2025-07-27 20:37:54 | 001010079786516 | timeout_expired
2025-07-27 20:37:56 | 001010079786516 | timeout_expired
2025-07-27 20:37:57 | 001010079786516 | timeout_expired
2025-07-27 20:42:29 | 001010079786516 | created
2025-07-27 20:42:31 | 001010079786516 | created
2025-07-27 20:52:55 | 001010079786516 | created
2025-07-27 20:52:57 | 001010079786513 | created
2025-07-27 20:53:26 | 001010079786516 | timeout_expired
2025-07-27 20:53:28 | 001010079786513 | timeout_expired
2025-07-27 20:53:58 | 001010123456789 | rejected_blacklist
2025-07-27 20:54:24 | 001010123456789 | rejected_blacklist
2025-07-27 20:54:25 | 001010123456782 | created
2025-07-27 20:54:26 | 001010123456783 | created
2025-07-27 20:54:28 | 001010123456783 | created
2025-07-27 20:54:30 | 001010123456785 | created
2025-07-27 20:54:31 | 001010123456765 | created
2025-07-27 20:54:33 | 001010123456765 | created
2025-07-27 20:54:35 | 001010123466765 | created
2025-07-27 20:54:37 | 001010123756765 | created
2025-07-27 20:54:39 | 001010123756765 | created
2025-07-27 20:54:42 | 001010123456782 | graceful_shutdown
2025-07-27 20:54:42 | 001010123456783 | graceful_shutdown
2025-07-27 20:54:42 | 001010123456783 | graceful_shutdown
2025-07-27 20:54:42 | 001010123456785 | graceful_shutdown
2025-07-27 20:54:42 | 001010123456765 | graceful_shutdown
2025-07-27 20:54:42 | 001010123456765 | graceful_shutdown
2025-07-27 20:54:42 | 001010123466765 | graceful_shutdown
2025-07-27 20:54:42 | 001010123756765 | graceful_shutdown
2025-07-27 20:54:42 | 001010123756765 | graceful_shutdown
2025-07-27 20:55:27 | 001010123756765 | created
2025-07-27 20:55:29 | 001010123756764 | created
2025-07-27 20:55:31 | 001010123756754 | created
2025-07-27 20:55:47 | 001010123756765 | graceful_shutdown
2025-07-27 20:55:47 | 001010123756764 | graceful_shutdown
2025-07-27 20:55:47 | 001010123756754 | graceful_shutdown
2025-07-27 20:57:52 | 001010123756754 | created
2025-07-27 20:58:13 | 001010123756754 | graceful_shutdown
2025-07-27 21:06:11 | 001010123756754 | created
2025-07-27 21:06:19 | 001010123756754 | graceful_shutdown
2025-07-27 21:46:56 | 001010123756754 | created
2025-07-27 21:47:01 | 001010123756754 | created
2025-07-27 21:47:03 | 001010123756754 | created
2025-07-27 21:47:08 | 001010123756754 | graceful_shutdown
2025-07-27 21:47:08 | 001010123756754 | graceful_shutdown
2025-07-27 21:47:08 | 001010123756754 | graceful_shutdown
2025-07-27 21:48:27 | 001010123756754 | created
2025-07-27 21:48:32 | 001010123756754 | created
2025-07-27 21:48:39 | 001010123756754 | graceful_shutdown
2025-07-27 21:48:39 | 001010123756754 | graceful_shutdown
2025-07-27 22:53:46 | 090012332413567 | created
2025-07-27 22:53:47 | 090012332413567 | created
2025-07-27 22:53:48 | 090012332413567 | created
2025-07-27 22:54:16 | 090012332413567 | timeout_expired
2025-07-27 22:54:18 | 090012332413567 | timeout_expired
2025-07-27 22:54:18 | 090012332413567 | timeout_expired
2025-07-27 22:54:28 | 001010123456789 | rejected_blacklist
2025-07-27 22:55:42 | 001010123456789 | rejected_blacklist
2025-07-27 22:56:40 | 001010123456789 | rejected_blacklist
2025-07-27 22:56:45 | 001010123456749 | created
2025-07-27 22:57:15 | 001010123456749 | timeout_expired
